"Status","Start Time","Stop Time","Duration in ms","Parent Suite","Suite","Sub Suite","Test Class","Test Method","Name","Description"
"passed","Mon Dec 14 15:57:46 CST 2020","Mon Dec 14 15:57:46 CST 2020","0","","test_calc","TestCal","","","test_mul[bigint]",""
"passed","Mon Dec 14 15:57:46 CST 2020","Mon Dec 14 15:57:46 CST 2020","0","","test_calc","TestCal","","","test_add[int]",""
"passed","Mon Dec 14 15:57:46 CST 2020","Mon Dec 14 15:57:46 CST 2020","0","","test_calc","TestCal","","","test_mul[int]",""
"passed","Mon Dec 14 15:57:46 CST 2020","Mon Dec 14 15:57:46 CST 2020","0","","test_calc","TestCal","","","test_add[bigint]",""
"passed","Mon Dec 14 15:57:46 CST 2020","Mon Dec 14 15:57:46 CST 2020","0","","test_calc","TestCal","","","test_div[bigint]",""
"passed","Mon Dec 14 15:57:46 CST 2020","Mon Dec 14 15:57:46 CST 2020","0","","test_calc","TestCal","","","test_div[int]",""
"passed","Mon Dec 14 15:57:46 CST 2020","Mon Dec 14 15:57:46 CST 2020","0","","test_calc","TestCal","","","test_sub[int]",""
"passed","Mon Dec 14 15:57:46 CST 2020","Mon Dec 14 15:57:46 CST 2020","0","","test_calc","TestCal","","","test_mul[minus]",""
"passed","Mon Dec 14 15:57:46 CST 2020","Mon Dec 14 15:57:46 CST 2020","0","","test_calc","TestCal","","","test_sub[minus]",""
"passed","Mon Dec 14 15:57:46 CST 2020","Mon Dec 14 15:57:46 CST 2020","0","","test_calc","TestCal","","","test_add[minus]",""
"passed","Mon Dec 14 15:57:46 CST 2020","Mon Dec 14 15:57:46 CST 2020","0","","test_calc","TestCal","","","test_div[minus]",""
"passed","Mon Dec 14 15:57:46 CST 2020","Mon Dec 14 15:57:46 CST 2020","0","","test_calc","TestCal","","","test_sub[bigint]",""
